Product Name,Price,Website
"Amazon Basics 3-Button Wired USB Computer Mouse, Single, Black","$9
99",Amazon
"HP Wireless Mouse - Black, 15-Month Battery, 1600 DPI Sensor, Side Grips - For PC/Laptop, Mac, Chromebook",$19.99,Amazon
"TECKNET Wireless Mouse, 2.4G Ergonomic Optical Mouse, Computer Mouse for Laptop, PC, Computer, Chromebook, Notebook, 6 Buttons, 24 Months Battery Life - Purple","$13
99",Amazon
Logitech M510 Wireless Computer Mouse for PC with USB Unifying Receiver - Graphite,"$7
26",Amazon
"Amazon Basics 3-Button Wired USB Computer Mouse, Single, Black","$18
99",Amazon
"memzuoix 2.4G Wireless Mouse, 1200 DPI Mobile Optical Cordless Mouse with USB Receiver, Portable Computer Mice Wireless Mouse for Laptop, PC, Desktop, MacBook, 5 Buttons (Pink)","$9
99",Amazon
"Logitech M185 Wireless Mouse, 2.4GHz with USB Mini Receiver, 12-Month Battery Life, 1000 DPI Optical Tracking, Ambidextrous PC/Mac/Laptop - Swift Gray",$19.99,Amazon
"Wireless Gaming Mouse, Rechargeable Computer Mouse Ergonomic Mice Honeycomb Design with RGB Backlight, USB Receiver, 7 Buttons, Adjustable DPI, Wireless Mouse for PC/Mac/Laptop","$21
99",Amazon
"VssoPlor Wireless Mouse, 2.4G Slim Portable Computer Mice with Nano Receiver for Notebook, PC, Laptop, Computer (Black and Gold)",$27.99,Amazon
"Logitech B100 Corded Mouse, Wired USB Mouse for Computers and Laptops, Right or Left Hand Use - Black","$7
26",Amazon
"Rii Wireless Mouse 1000 DPI for PC, Laptop, Windows,Office Included Wireless USB dongle (Black)","$11
49",Amazon
"Wired Mouse with Ergonomic Design Reduces Hand Fatigue Muscle Strain, Silent USB Computer Mouse, 1600 DPI Office and Home Mice (Black, Wired)","$9
98",Amazon
"seenda Wireless Mouse, 2.4G Noiseless Mouse with USB Receiver - Portable Computer Mice for PC, Tablet, Laptop with Windows System - Mint Green",$12.99,Amazon
"Amazon Basics Ergonomic 2.4 GHz Wireless Optical Mouse, DPI adjustable, Compatible with PC, Mac, Laptop - Black","$14
36",Amazon
"Wireless Bluetooth Mouse,LED Dual Mode Rechargeable Silent Slim Laptop Mouse,Portable(BT5.2+USB Receiver) Dual Mode Computer Mice,for Laptop,Desktop Computer,ipad Tablet,Phone,TV (Black)",$18.89,Amazon
"Amazon Basics 2.4 Ghz Wireless Optical Computer Mouse with USB Nano Receiver, Black",,Amazon
"Wireless Mouse Jiggler - LED Wireless Mice with Build-in Mouse Mover, Rechargeable Moving Mouse for Laptop with Undetectable Random Movement Keeps Computers Awake - Purple",,Amazon
"SM66 White Silent Dual Mode Bluetooth/2.4GHz Wireless Mouse, Adjustable 4200 DPI,Rechargeable Computer Mouse Wireless Office Mouse for PC Mac Laptop, Desktop",,Amazon
Razer DeathAdder Essential Gaming Mouse: 6400 DPI Optical Sensor - 5 Programmable Buttons - Mechanical Switches - Rubber Side Grips - Classic Black,,Amazon
"Uiosmuph LED Wireless Mouse, G12 Slim Rechargeable Silent Mouse, 2.4G Portable USB Optical Computer Mice with USB Receiver and Type C Adapter (Matte Black)","$16
99",Amazon
2.4GHz Wireless Optical Mouse USB Rechargeable RGB Cordless Mice For PC Laptop,$7.98,eBay
"Portable Wireless Mouse, 2.4GHz Silent with USB Receiver, Optical USB Mouse",$7.95,eBay
"Ultra Slim Wireless Keyboard and Mouse Combo, Silent Compact Keyboard Mouse Set",$33.03,eBay
2 Wireless Optical Mouse Mice 2.4GHz USB Receiver For Laptop PC Computer DPI USA,$8.49,eBay
2.4GHz Wireless Optical Mouse Mice USB Receiver For PC Laptop Computer DPI USA,$5.49,eBay
Wireless Mouse 2.4G Optical Cordless Mice Optical Scroll for PC Laptop Computer,$3.99,eBay
2.4GHz Wireless Optical Mouse Mice & USB Receiver For PC Laptop Computer DPI USA,$6.89,eBay
NEW Original HP Wired USB Optical DPI: 800 Mouse Black - QY777AA FREE SHIPPING,$7.99,eBay
"Portable Wireless Mouse, 2.4GHz Silent with USB Receiver, Optical USB Mouse",$7.95,eBay
2 Wireless Optical Mouse Mice 2.4GHz USB Receiver For Laptop PC Computer DPI USA,$8.49,eBay
2 Wireless Optical Mouse Mice 2.4GHz USB Receiver For Laptop PC Computer DPI USA,$8.89,eBay
2.4GHz Wireless Optical Mouse USB Rechargeable RGB Cordless Mice For PC Laptop,$7.85,eBay
Logitech G502 Hero High Performance Gaming Mouse ~Fast Shipping,$34.99,eBay
Gaming Mouse 7 Button USB Wired LED Breathing Fire Button 3200 DPI Laptop PC,$7.95,eBay
Ergonomic Optical Vertical Mouse 6 Keys USB Wireless Mice 2.4GHz 1600DPI for PC,$11.85,eBay
2.4GHz Wireless Optical Mouse Mice & USB Receiver For PC Laptop Computer DPI USA,$11.88,eBay
Wireless Optical Mouse 2.4GHz USB Receiver Mice For PC Laptop Computer DPI New,$4.99,eBay
Universal Wired USB 2.0 Optical Mouse Mice for PC Laptop Notebook Desktop Black,$4.98,eBay
EVGA X20 Gaming Mouse Wireless Black Customizable 16000 DPI 5 Profiles 10 Button,$22.99,eBay
